Total Offset X,Total Offset Y,Actual X,Actual Y,L2 error,Roll,Pitch,Yaw,Actual Roll,Actual Pitch,Actual Yaw,Altitude,
2.87231,38.0358,2.87231,38.0358,0,-0.0129221,-0.118454,0.299366,0.0211427,-0.065561,-0.299366,9.09989,
2.87852,38.0681,2.89084,38.4378,0.36988,-0.0189994,-0.119582,0.299204,0.0196727,-0.0625247,-0.297896,9.29988,
2.92055,38.1689,2.89084,38.4378,0.270573,-0.0219664,-0.112044,0.298857,0.0182227,-0.0614454,-0.296736,9.29988,
2.99384,38.2554,2.90937,38.8523,0.60285,-0.0318267,-0.114511,0.297507,0.0147227,-0.0604157,-0.296236,9.39988,
3.04169,38.4232,2.90937,38.8523,0.448995,-0.0240765,-0.106232,0.295948,0.0129427,-0.0601922,-0.295926,9.39988,
3.09868,38.5468,2.94644,39.2417,0.711401,-0.0321666,-0.115079,0.298768,0.0133227,-0.0607306,-0.296996,9.59988,
3.16285,38.6616,2.94644,39.2417,0.619145,-0.0353497,-0.118452,0.298197,0.0107127,-0.0626302,-0.298126,9.59988,
3.24327,38.7638,2.9835,39.6311,0.905399,-0.0432376,-0.12721,0.30015,0.00813265,-0.0659657,-0.298276,9.69988,
3.34277,38.8897,2.9835,39.6311,0.823859,-0.0493585,-0.126797,0.300194,0.00373265,-0.0678981,-0.297806,9.69988,
3.45592,39.0093,3.03909,40.0205,1.09378,-0.0552027,-0.128902,0.299551,-0.00222265,-0.0679126,-0.297196,9.89987,
3.54449,39.2218,3.03909,40.0205,0.945131,-0.0465196,-0.116176,0.297833,-0.00636265,-0.065988,-0.296236,9.89987,
3.61375,39.4476,3.11322,40.3974,1.07363,-0.0469703,-0.108032,0.296748,-0.00565265,-0.0658671,-0.295386,9.99987,
3.67202,39.5786,3.18734,40.7617,1.27852,-0.0483127,-0.118904,0.295839,-0.00757265,-0.0656663,-0.295896,10.1999,
3.71381,39.7102,3.18734,40.7617,1.17594,-0.0481191,-0.119899,0.294461,-0.00699265,-0.065466,-0.294866,10.1999,
3.7497,39.8653,3.18734,40.7617,1.05819,-0.0501786,-0.119529,0.295877,-0.00193265,-0.0675376,-0.294976,10.1999,
3.80955,40.0501,3.26146,41.1134,1.19622,-0.0550082,-0.114822,0.293233,-0.00329265,-0.0684706,-0.295726,10.1999,
3.94113,40.2497,3.26146,41.1134,1.09909,-0.0678261,-0.10227,0.293309,-0.0105927,-0.0617458,-0.294746,10.1999,
4.05207,40.4289,3.33559,41.44,1.2392,-0.0637782,-0.0906318,0.289482,-0.0176827,-0.0555314,-0.294946,10.2999,
4.16034,40.5992,3.42824,41.7791,1.3886,-0.0668315,-0.0844954,0.287154,-0.0230027,-0.0489533,-0.294686,10.2999,
4.20315,40.7138,3.42824,41.7791,1.31733,-0.0598447,-0.085684,0.285624,-0.0202927,-0.0446397,-0.294066,10.2999,
4.17661,40.8472,3.42824,41.7791,1.19522,-0.0502188,-0.0854014,0.28444,-0.0149527,-0.0422065,-0.294346,10.2999,
4.12992,41.1095,3.50236,42.1057,1.17737,-0.0361847,-0.0705074,0.283142,-0.00962265,-0.0440235,-0.294186,10.2999,
4.09098,41.3696,3.50236,42.1057,0.942519,-0.0296963,-0.0671354,0.282848,-0.00798265,-0.047339,-0.294386,10.2999,
4.08356,41.5929,3.59502,42.4198,0.960424,-0.0284549,-0.0699146,0.282685,-0.00432265,-0.0520404,-0.293746,10.3999,
4.0894,41.7614,3.68767,42.7212,1.04052,-0.029264,-0.0770874,0.282403,-0.00334265,-0.0528744,-0.294126,10.3999,
4.11884,41.9544,3.68767,42.7212,0.879681,-0.0294067,-0.0724314,0.28353,-0.00420265,-0.0545556,-0.294236,10.3999,
4.17836,42.1616,3.78032,43.0227,0.948657,-0.0296931,-0.0639837,0.281233,-0.00674265,-0.0506151,-0.294706,10.3999,
4.22137,42.3499,3.78032,43.0227,0.804445,-0.0282899,-0.0568788,0.27916,-0.00437265,-0.0464618,-0.293936,10.3999,
4.23863,42.5523,3.78032,43.0227,0.656726,-0.0244483,-0.0470709,0.277288,-0.00201265,-0.0422689,-0.293286,10.3999,
4.28834,42.734,3.87298,43.3242,0.721706,-0.0299895,-0.0384018,0.272726,-0.000732654,-0.0387025,-0.293316,10.3999,
4.32888,42.9099,3.87298,43.3242,0.615994,-0.025558,-0.0296672,0.269848,-0.00239265,-0.0314792,-0.293166,10.3999,
4.41679,43.0461,3.96563,43.6131,0.724579,-0.0356119,-0.0224911,0.266178,-0.00489265,-0.0282609,-0.293106,10.4998,
4.56042,43.0776,3.96563,43.6131,0.800357,-0.0498104,-0.0336027,0.267288,-0.0148127,-0.0298549,-0.294386,10.4998,
4.72268,43.1485,4.05828,43.8894,0.995165,-0.0536889,-0.0361226,0.268851,-0.0234327,-0.0367326,-0.294876,10.6998,
4.90861,43.2147,4.05828,43.8894,1.08548,-0.0604294,-0.0443886,0.270742,-0.0359027,-0.0465327,-0.294946,10.6998,
5.07569,43.299,4.15094,44.1658,1.26745,-0.0646146,-0.0487565,0.270663,-0.0410127,-0.0495364,-0.294366,10.9998,
5.20044,43.3882,4.15094,44.1658,1.3062,-0.0640711,-0.0492946,0.270169,-0.0444027,-0.0469448,-0.294916,10.9998,
5.27524,43.5116,4.24359,44.4421,1.38932,-0.0599551,-0.0445219,0.267452,-0.0448827,-0.0491264,-0.295166,11.1998,
5.26003,43.6505,4.24359,44.4421,1.2883,-0.0468706,-0.0464895,0.268874,-0.0395927,-0.0499775,-0.295286,11.1998,
5.20309,43.8419,4.31771,44.7185,1.24592,-0.0354721,-0.0436177,0.269377,-0.0328427,-0.0502694,-0.295776,11.3998,
5.11785,44.1009,4.31771,44.7185,1.01074,-0.0215201,-0.0299962,0.265224,-0.0259327,-0.0460463,-0.296136,11.3998,
5.03935,44.3586,4.39183,44.9948,0.907767,-0.0159288,-0.0182441,0.263545,-0.0178427,-0.0414718,-0.296536,11.4998,
4.98361,44.5506,4.39183,44.9948,0.739959,-0.015219,-0.0163029,0.261851,-0.0126127,-0.032842,-0.296406,11.4998,
4.94309,44.7044,4.46596,45.2586,0.731256,-0.0111633,-0.0111078,0.259209,-0.0115727,-0.0270741,-0.296726,11.5998,
4.92806,44.8082,4.46596,45.2586,0.645263,-0.0110057,-0.0112648,0.256888,-0.00927265,-0.0206559,-0.297066,11.5998,
4.96292,44.8967,4.54008,45.5224,0.755216,-0.0146109,-0.00568097,0.256148,-0.0142127,-0.0147021,-0.298386,11.7998,
4.99763,45.015,4.54008,45.5224,0.683238,-0.00851173,0.00105726,0.254105,-0.0171427,-0.0111872,-0.297616,11.7998,
5.04997,45.184,4.59567,45.7862,0.754333,-0.00700364,0.0087374,0.253588,-0.0195827,-0.0136666,-0.296766,11.8998,
5.11395,45.3548,4.59567,45.7862,0.674305,-0.0069888,0.00998358,0.253143,-0.0205927,-0.0162632,-0.297406,11.8998,
5.18127,45.4425,4.65127,46.0626,0.81571,-0.0112141,-0.00174121,0.254088,-0.0232727,-0.0183143,-0.297886,12.0998,
5.24468,45.4963,4.72539,46.3515,1.00051,-0.0120555,-0.00919363,0.256085,-0.0245727,-0.0172481,-0.298236,12.1998,
5.3166,45.5155,4.72539,46.3515,1.02393,-0.0193437,-0.0176137,0.255972,-0.0261827,-0.0197959,-0.299066,12.1998,
5.37405,45.6201,4.72539,46.3515,0.97757,-0.0145245,-0.0130214,0.256678,-0.0276827,-0.019876,-0.299126,12.1998,
5.44327,45.7584,4.78098,46.6404,1.10295,-0.0160931,-0.0113256,0.256227,-0.0301327,-0.023902,-0.298946,12.3998,
5.52429,45.9194,4.78098,46.6404,1.03553,-0.0186997,-0.00996603,0.257074,-0.0320027,-0.0263145,-0.299366,12.3998,
5.57671,46.0524,4.83658,46.9419,1.15713,-0.0161423,-0.01445,0.258834,-0.0319327,-0.0260518,-0.300016,12.4998,
5.57858,46.0508,4.83658,46.9419,1.15958,-0.0180895,-0.0323683,0.260763,-0.0292527,-0.0249106,-0.300816,12.4998,
5.54503,46.0773,4.87364,47.2433,1.34549,-0.0153831,-0.0406856,0.262673,-0.0204927,-0.0265117,-0.301706,12.5998,
5.46358,46.2367,4.87364,47.2433,1.16676,-0.00442273,-0.0336386,0.26406,-0.0120827,-0.0266645,-0.302436,12.5998,
5.38658,46.4162,4.92923,47.5448,1.21772,0.00395141,-0.0307527,0.261931,-0.00962265,-0.0256353,-0.301566,12.5998,
5.4053,46.5746,4.9663,47.8588,1.35712,-0.00518298,-0.0277519,0.259634,-0.0101127,-0.021646,-0.300356,12.6998,
5.47228,46.7709,4.9663,47.8588,1.1998,-0.005362,-0.0136045,0.256893,-0.0139827,-0.016922,-0.300016,12.6998,
5.58162,46.8897,5.00336,48.1729,1.40749,-0.0156595,-0.0156504,0.254724,-0.0179727,-0.0148422,-0.299216,12.8998,
5.69743,46.9646,5.00336,48.1729,1.39346,-0.022971,-0.0179113,0.252749,-0.0211227,-0.0147598,-0.297806,12.8998,
5.80106,47.0598,5.00336,48.1729,1.36938,-0.0246688,-0.0171118,0.251027,-0.0248227,-0.0150158,-0.298356,12.8998,
5.88536,47.1582,5.04042,48.4869,1.5746,-0.0239726,-0.0188952,0.249491,-0.0278627,-0.0147981,-0.298436,12.9998,
5.92061,47.227,5.05895,48.8135,1.80539,-0.021467,-0.0296621,0.25315,-0.0264827,-0.0175668,-0.297866,13.1998,
5.91596,47.3031,5.05895,48.8135,1.73656,-0.0161926,-0.038456,0.254665,-0.0241827,-0.0218034,-0.298536,13.1998,
5.90633,47.3945,5.05895,48.8135,1.65272,-0.0169439,-0.0456754,0.255361,-0.0200227,-0.0243173,-0.297716,13.1998,
5.87204,47.5125,5.09602,49.1401,1.80316,-0.0110344,-0.0479616,0.254604,-0.0158627,-0.0265839,-0.298176,13.2998,
5.86942,47.6837,5.13308,49.4667,1.92909,-0.0101224,-0.0417175,0.252743,-0.0138127,-0.0236411,-0.299446,13.4998,
5.86701,47.8714,5.13308,49.4667,1.75599,-0.0070559,-0.0324442,0.247656,-0.0102927,-0.0173647,-0.299506,13.4998,
5.839,48.0554,5.13308,49.4667,1.57803,-0.0045548,-0.0255806,0.244302,-0.00603265,-0.0139302,-0.300466,13.4998,
5.79051,48.1781,5.17014,49.8059,1.74202,0.000901768,-0.0304863,0.245382,-0.00142265,-0.012034,-0.302436,13.5998,
5.77461,48.2704,5.17014,49.8059,1.65015,-0.00360818,-0.0378982,0.245654,0.000542654,-0.0145067,-0.303446,13.5998,
5.7577,48.4307,5.20721,50.145,1.80053,0.00170735,-0.0366709,0.248091,0.00295265,-0.0180864,-0.305316,13.7998,
5.75695,48.5544,5.24427,50.4842,1.99672,0.00243202,-0.0451241,0.250381,0.00398265,-0.0219881,-0.308306,13.8998,
5.76372,48.786,5.24427,50.4842,1.77586,0.00646699,-0.0334586,0.246793,0.00762265,-0.0214212,-0.309486,13.8998,
5.74868,49.0977,5.29987,50.8233,1.78299,0.0143169,-0.0171266,0.244758,0.0105927,-0.016574,-0.310656,13.9998,
5.75878,49.2738,5.29987,50.8233,1.616,0.00912217,-0.0191808,0.242827,0.0127527,-0.0115477,-0.311466,13.9998,
5.7883,49.3689,5.35546,51.1625,1.84509,0.0057291,-0.022788,0.241674,0.0131527,-0.00810316,-0.311376,14.1998,
5.86465,49.4181,5.35546,51.1625,1.81723,-0.00450861,-0.0264145,0.239106,0.0106227,-0.00570021,-0.311626,14.1998,
5.9791,49.415,5.35546,51.1625,1.85543,-0.0142176,-0.0325228,0.239392,0.00912265,-0.00235001,-0.311836,14.1998,
6.12696,49.4428,5.42958,51.5142,2.1856,-0.0226843,-0.0297283,0.236288,0.00282265,0.0019623,-0.311496,14.2998,
6.28952,49.5017,5.42958,51.5142,2.18855,-0.030042,-0.0226176,0.230433,-0.00298265,0.00578055,-0.310856,14.2998,
6.45283,49.5135,5.50371,51.8534,2.52506,-0.0369895,-0.0278423,0.230487,-0.00808265,0.00835394,-0.310966,14.3998,
6.58456,49.5354,5.59636,52.2177,2.85858,-0.0392503,-0.0327583,0.230134,-0.0125227,0.0072834,-0.310806,14.5998,
6.69966,49.5693,5.59636,52.2177,2.86899,-0.0427811,-0.0404209,0.231638,-0.0122527,0.00495101,-0.310626,14.5998,
6.79621,49.6253,5.59636,52.2177,2.85657,-0.04773,-0.0467231,0.233055,-0.0119427,0.00481339,-0.311016,14.5998,
6.86752,49.7446,5.68902,52.5694,3.06081,-0.0464645,-0.0413839,0.229091,-0.0121627,0.00650669,-0.311176,14.6998,
6.96739,49.8914,5.68902,52.5694,2.96749,-0.0513171,-0.0367433,0.226574,-0.0141027,0.00839168,-0.311276,14.6998,
7.04655,50.1346,5.78167,52.9462,3.08306,-0.0469988,-0.0215655,0.219299,-0.0169227,0.0108579,-0.311426,14.7998,
7.13055,50.2806,5.78167,52.9462,2.9875,-0.0490189,-0.0268901,0.220054,-0.0189027,0.0123059,-0.311196,14.7998,
7.19736,50.4193,5.87433,53.3356,3.20239,-0.0484092,-0.027315,0.218279,-0.0200227,0.0140826,-0.311046,14.8998,
7.25958,50.5451,5.87433,53.3356,3.11543,-0.0498013,-0.0302097,0.217562,-0.0190327,0.0135095,-0.310906,14.8998,
7.27915,50.7521,5.96698,53.725,3.24956,-0.0431253,-0.0262957,0.213987,-0.0187127,0.0108956,-0.310876,15.0998,
7.28806,51.0049,5.96698,53.725,3.02391,-0.03688,-0.0251199,0.212616,-0.0188027,0.00733848,-0.310506,15.0998,
7.31285,51.2705,6.07817,54.127,3.11188,-0.0347531,-0.0243642,0.210276,-0.0193027,0.00276009,-0.310666,15.1998,
7.33226,51.5073,6.07817,54.127,2.90445,-0.0320591,-0.0276282,0.209043,-0.0165427,0.0011745,-0.310856,15.1998,
7.35947,51.6788,6.17082,54.5415,3.09971,-0.0348158,-0.0352338,0.208557,-0.0154627,0.00121266,-0.310736,15.1998,
7.34616,51.9155,6.17082,54.5415,2.87702,-0.0269055,-0.0294458,0.207897,-0.0130727,0.00146996,-0.310926,15.1998,
7.38272,52.1098,6.28201,54.9686,3.06336,-0.0325362,-0.0320955,0.207213,-0.0111327,0.00170558,-0.311236,15.2998,
7.38913,52.3677,6.28201,54.9686,2.8267,-0.0249433,-0.0260971,0.20544,-0.0112027,0.00137602,-0.311326,15.2998,
7.40931,52.6991,6.39319,55.3957,2.88174,-0.0213717,-0.0127038,0.20113,-0.00991265,0.00253734,-0.311176,15.3998,
7.43628,52.9633,6.39319,55.3957,2.64661,-0.02245,-0.0130939,0.200417,-0.00899265,0.00586787,-0.311156,15.3998,
7.48616,53.2397,6.50438,55.8353,2.7751,-0.0234528,-0.00709207,0.197669,-0.00919265,0.00776008,-0.310946,15.4998,
7.54644,53.4093,6.50438,55.8353,2.64036,-0.0245252,-0.0119927,0.196159,-0.0114627,0.00980168,-0.311186,15.4998,
7.62669,53.6614,6.61556,56.275,2.80237,-0.0245446,0.000706316,0.189025,-0.0145127,0.0125009,-0.310566,15.5997,
7.73213,53.8356,6.61556,56.275,2.68278,-0.0293694,-0.00214557,0.188167,-0.0177027,0.0148735,-0.310036,15.5997,
7.88198,53.9513,6.72675,56.7398,3.01835,-0.0382931,-0.00841948,0.188718,-0.0212127,0.0165445,-0.310286,15.6997,
7.98713,54.1118,6.72675,56.7398,2.91462,-0.0357976,-0.00786243,0.187409,-0.0235627,0.0161763,-0.310266,15.6997,
8.11363,54.2396,6.83794,57.2045,3.2277,-0.0414822,-0.015783,0.188661,-0.0274627,0.0128293,-0.310166,15.7997,
8.23422,54.4173,6.83794,57.2045,3.11735,-0.0432641,-0.0166296,0.187494,-0.0306227,0.0108382,-0.309826,15.7997,
8.37145,54.5973,6.96765,57.6693,3.37757,-0.0472332,-0.0219343,0.186739,-0.0339327,0.00747112,-0.309226,15.7997,
8.47674,54.7598,6.96765,57.6693,3.27755,-0.0496684,-0.0278886,0.186058,-0.0341327,0.0051658,-0.309066,15.7997,
8.50869,54.9819,7.07884,58.1592,3.48418,-0.0406385,-0.0279182,0.184797,-0.0342827,0.00291511,-0.310146,15.8997,
8.50409,55.3178,7.07884,58.1592,3.17884,-0.0347838,-0.0167579,0.178867,-0.0316327,0.00277255,-0.310216,15.8997,
8.53254,55.6768,7.20855,58.6616,3.26525,-0.0372121,-0.00981629,0.178764,-0.0301927,0.00494083,-0.310466,15.8997,
8.53751,55.9945,7.20855,58.6616,2.97986,-0.0316207,-0.0080652,0.17864,-0.0296627,0.00657487,-0.312056,15.8997,
8.53338,56.3534,7.31974,59.1641,3.06156,-0.0275181,0.0002225,0.176679,-0.0282727,0.0070772,-0.312976,15.8997,
8.59296,56.7123,7.31974,59.1641,2.7627,-0.0324004,0.00533427,0.177606,-0.0274527,0.00946135,-0.313086,15.8997,
8.63263,57.0657,7.43093,59.6665,2.865,-0.0272371,0.0138118,0.176211,-0.0294327,0.0132822,-0.313456,15.8997,
8.69382,57.2439,7.43093,59.6665,2.73202,-0.0316378,0.00178841,0.174782,-0.0299627,0.0159047,-0.312536,15.8997,
8.76079,57.3684,7.56064,60.1941,3.07005,-0.0352478,-0.00741774,0.174309,-0.0312627,0.0141023,-0.311856,15.8997,
8.79036,57.5264,7.56064,60.1941,2.93747,-0.0309084,-0.0135748,0.17402,-0.0305927,0.0108792,-0.311696,15.8997,
8.84292,57.6356,7.67183,60.7217,3.30083,-0.0363711,-0.0285034,0.172824,-0.0307927,0.00498679,-0.310866,15.8997,
8.88296,57.7756,7.67183,60.7217,3.1853,-0.035192,-0.0363246,0.173741,-0.0317927,0.00149667,-0.311326,15.8997,
8.9108,57.9547,7.78302,61.2493,3.48227,-0.0358893,-0.0419189,0.17304,-0.0276027,0.000218463,-0.311176,15.8997,
8.90078,58.2124,7.78302,61.2493,3.23608,-0.0316917,-0.0386811,0.17229,-0.0226627,-0.000913391,-0.311276,15.8997,
8.92232,58.5772,7.87567,61.7894,3.3784,-0.0346907,-0.0295899,0.169689,-0.0215527,-0.00176316,-0.310196,15.8997,
8.98088,58.7541,7.87567,61.7894,3.23022,-0.0427908,-0.045439,0.168933,-0.0218627,-0.00277221,-0.309776,15.8997,
9.10278,58.933,7.98686,62.3421,3.58706,-0.0514539,-0.0505892,0.166302,-0.0273927,-0.00402364,-0.309436,15.8997,
9.26975,59.0955,8.07952,62.8823,3.96944,-0.0618261,-0.0541146,0.163108,-0.0319427,-0.003959,-0.308716,15.8997,
9.42533,59.2499,8.07952,62.8823,3.87374,-0.0665994,-0.0580045,0.162007,-0.0346527,-0.0040881,-0.308246,15.8997,
9.54904,59.3701,8.07952,62.8823,3.80727,-0.07263,-0.0660461,0.158923,-0.0365927,-0.00379318,-0.307496,15.8997,
9.67188,59.6132,8.19071,63.4224,4.08702,-0.0738231,-0.0591519,0.158552,-0.0385127,-0.00329166,-0.306956,15.8997,
9.75351,59.8803,8.19071,63.4224,3.87157,-0.0725374,-0.0575855,0.157103,-0.0407727,-0.00497196,-0.306856,15.8997,
9.78558,60.185,8.28336,63.9751,4.07693,-0.067643,-0.0537701,0.154819,-0.0405227,-0.00522184,-0.307486,15.8997,
9.81802,60.4867,8.28336,63.9751,3.81102,-0.0666356,-0.0549097,0.156357,-0.0391427,-0.00723506,-0.307956,15.8997,
9.83588,60.7208,8.35749,64.5278,4.08398,-0.068106,-0.0626775,0.156198,-0.0371027,-0.00928219,-0.308016,15.8997,
9.80127,61.0459,8.35749,64.5278,3.7694,-0.0592429,-0.0551868,0.158591,-0.0320927,-0.00951487,-0.308056,15.8997,
9.75884,61.3484,8.43162,65.0679,3.94918,-0.0552081,-0.0528942,0.155198,-0.0301527,-0.0068501,-0.309156,15.9997,
9.74977,61.609,8.43162,65.0679,3.70155,-0.0559255,-0.0519839,0.154221,-0.0295827,-0.00332474,-0.309056,15.9997,
9.71499,61.8554,8.50574,65.6081,3.94268,-0.0478589,-0.0478946,0.149842,-0.0295527,0.000960126,-0.309016,16.0997,
9.7059,62.1465,8.50574,65.6081,3.66377,-0.0451501,-0.0408206,0.149249,-0.0287527,0.00327361,-0.308986,16.0997,
9.72369,62.4522,8.56134,66.1608,3.88648,-0.0455028,-0.0359991,0.148672,-0.0272027,0.00308517,-0.308616,16.0997,
9.7246,62.6397,8.61694,66.7009,4.20958,-0.0444667,-0.0476634,0.149012,-0.0260627,0.00205712,-0.309086,16.1996,
9.73728,62.826,8.61694,66.7009,4.03356,-0.0466476,-0.0524632,0.14775,-0.0269627,0.00069001,-0.308806,16.1996,
9.78945,62.9997,8.61694,66.7009,3.8825,-0.0515253,-0.0582122,0.147179,-0.0262627,-0.00114972,-0.308506,16.1996,
9.84106,63.2031,8.67254,67.2536,4.21572,-0.0532875,-0.0612769,0.145686,-0.0279727,-0.00395052,-0.308916,16.2996,
9.89985,63.4408,8.67254,67.2536,4.00551,-0.0550659,-0.061357,0.146193,-0.0284827,-0.00595535,-0.308906,16.2996,
9.945,63.6602,8.72813,67.7937,4.3089,-0.0564993,-0.0671433,0.145861,-0.0284827,-0.0081968,-0.309106,16.2996,
9.99931,63.8531,8.72813,67.7937,4.14057,-0.0608576,-0.0718821,0.145236,-0.0268927,-0.00795669,-0.310426,16.2996,
10.0518,64.0091,8.7652,68.3464,4.52411,-0.069015,-0.0791085,0.145287,-0.0241827,-0.00697681,-0.310436,16.3996,
10.0913,64.1624,8.80227,68.8866,4.89688,-0.0707368,-0.0836163,0.145357,-0.0240127,-0.00707873,-0.311416,16.4996,
10.0994,64.3874,8.80227,68.8866,4.68241,-0.0663185,-0.0819749,0.143337,-0.0242127,-0.00812955,-0.311846,16.4996,
10.1406,64.6672,8.83933,69.4267,4.93421,-0.0692675,-0.076545,0.142824,-0.0241127,-0.00652138,-0.312006,16.5996,
10.1582,64.9535,8.83933,69.4267,4.66357,-0.0651231,-0.0733354,0.142751,-0.0245727,-0.0057157,-0.312566,16.5996,
10.1728,65.2137,8.8764,69.9543,4.91467,-0.064712,-0.0728531,0.141603,-0.0227127,-0.00217901,-0.312826,16.5996,
10.1635,65.5109,8.8764,69.9543,4.62608,-0.0623409,-0.0667973,0.138546,-0.0200127,-0.00069932,-0.312086,16.5996,
10.1095,65.8121,8.8764,69.9543,4.32186,-0.0545245,-0.0626435,0.138424,-0.0169127,0.000854556,-0.312426,16.5996,
10.0626,66.2153,8.91347,70.507,4.44289,-0.0502654,-0.0512304,0.136521,-0.0157627,0.00102475,-0.312176,16.6996,
10.0345,66.519,8.95053,71.0346,4.64391,-0.0480278,-0.053106,0.136668,-0.0151127,0.00568963,-0.312496,16.7996,
9.99587,66.8384,8.95053,71.0346,4.32447,-0.0400745,-0.0436763,0.1305,-0.0161027,0.00902723,-0.312946,16.7996,
9.98635,67.0951,8.95053,71.0346,4.07341,-0.0406169,-0.0445552,0.13011,-0.0149027,0.0103021,-0.312716,16.7996,
9.95238,67.4336,8.9876,71.5747,4.25199,-0.0327746,-0.0358239,0.130768,-0.0136727,0.0117882,-0.312916,16.8996,
9.95732,67.7877,8.9876,71.5747,3.9092,-0.0340899,-0.030505,0.129654,-0.0154927,0.0123068,-0.312916,16.8996,
9.93663,68.1837,9.0432,72.1149,4.03144,-0.0279954,-0.0206074,0.129766,-0.0124127,0.0126716,-0.312756,16.9996,
9.90104,68.4615,9.0432,72.1149,3.75274,-0.0251598,-0.030073,0.129342,-0.0112727,0.00941928,-0.313176,16.9996,
9.88338,68.7028,9.08027,72.655,4.03295,-0.0250876,-0.0385182,0.128068,-0.00968265,0.00650631,-0.312486,17.0996,
9.91181,68.9247,9.08027,72.655,3.82185,-0.0311665,-0.043673,0.128253,-0.00737265,0.00300955,-0.312696,17.0996,
9.95862,69.1054,9.13586,73.2077,4.18401,-0.0386112,-0.0539983,0.127558,-0.00585265,-0.000338485,-0.313676,17.1996,
10.0213,69.4098,9.13586,73.2077,3.89973,-0.0426855,-0.0483116,0.126013,-0.00559265,-0.00365209,-0.313126,17.1996,
10.0888,69.6217,9.17293,73.7604,4.23887,-0.0448684,-0.057807,0.126814,-0.00829265,-0.00382701,-0.312856,17.2996,
10.2038,69.8663,9.17293,73.7604,4.02825,-0.0518882,-0.0555249,0.124583,-0.0137127,-0.00112481,-0.312896,17.2996,
10.3577,70.0519,9.22853,74.3005,4.39606,-0.0595338,-0.0567739,0.124448,-0.0184327,0.00123512,-0.312466,17.3996,
10.5734,70.3304,9.28413,74.8532,4.70298,-0.06802,-0.048041,0.119952,-0.0274027,0.0023053,-0.312856,17.4996,
10.6944,70.6017,9.28413,74.8532,4.47934,-0.0641347,-0.0477573,0.117357,-0.0288727,0.00582173,-0.312286,17.4996,
10.7588,70.8691,9.28413,74.8532,4.24823,-0.0634677,-0.043923,0.115981,-0.0292527,0.00860886,-0.312666,17.4996,
10.7699,71.2222,9.35826,75.3934,4.40359,-0.0602869,-0.0336032,0.114099,-0.0291727,0.0125206,-0.312486,17.5995,
10.7885,71.4859,9.35826,75.3934,4.16099,-0.0614876,-0.0374433,0.114579,-0.0280527,0.0147067,-0.312416,17.5995,
10.7956,71.6566,9.41385,75.9461,4.50655,-0.0621152,-0.0469352,0.112724,-0.0262027,0.0152894,-0.313166,17.6995,
10.8131,71.869,9.41385,75.9461,4.31051,-0.0631536,-0.0480951,0.111535,-0.0271727,0.0144535,-0.312886,17.6995,
10.8458,72.1766,9.46945,76.4988,4.53602,-0.0620085,-0.0419358,0.10896,-0.0289927,0.0155167,-0.312536,17.7995,
10.8718,72.4557,9.46945,76.4988,4.27942,-0.0607576,-0.043805,0.106234,-0.0304527,0.0154946,-0.312146,17.7995,
10.8854,72.7911,9.50652,77.0515,4.47801,-0.0573936,-0.0408054,0.101954,-0.0294127,0.0117083,-0.311066,17.8995,
10.8641,73.1135,9.54359,77.6168,4.69293,-0.0568347,-0.0451426,0.0991565,-0.0261327,0.00619485,-0.310236,17.9995,
10.8228,73.4561,9.54359,77.6168,4.35294,-0.0532943,-0.0496518,0.0966056,-0.0236027,-0.000504132,-0.309766,17.9995,
10.7745,73.7729,9.54359,77.6168,4.03618,-0.0503828,-0.0589694,0.0937779,-0.0223527,-0.00787167,-0.309286,17.9995,
10.692,74.136,9.58066,78.1695,4.18383,-0.0440791,-0.0594351,0.0922122,-0.0186227,-0.0121107,-0.309416,17.9995,
10.5988,74.5901,9.61772,78.7222,4.24703,-0.0399998,-0.0492835,0.0902475,-0.0149427,-0.00942043,-0.312136,17.9995,
10.5043,75.146,9.61772,78.7222,3.68448,-0.0302977,-0.0318928,0.0894039,-0.0131327,-0.00482529,-0.314476,17.9995,
10.3923,75.674,9.65479,79.2749,3.67561,-0.0251499,-0.0151885,0.0901522,-0.0131327,0.00423497,-0.316476,17.9995,
10.3121,76.2061,9.65479,79.2749,3.13839,-0.0217474,0.00495148,0.0909368,-0.00824265,0.0178576,-0.318616,17.9995,
10.2072,76.7254,9.65479,79.2749,2.60866,-0.0148483,0.0287468,0.0900057,-0.00878265,0.0327097,-0.320826,17.9995,
10.1671,77.0272,9.67333,79.8276,2.84359,-0.0190346,0.0314303,0.0934289,-0.00716265,0.0448395,-0.321316,17.9995,
10.1548,77.2263,9.67333,79.8276,2.64552,-0.0179987,0.0332377,0.0924482,-0.00919265,0.0539379,-0.323066,17.9995,
10.1528,77.5443,9.7104,80.3803,2.87034,-0.0159495,0.0437593,0.0928916,-0.00878265,0.0566737,-0.323206,17.9995,
10.1512,77.8958,9.766,80.9455,3.0739,-0.0188409,0.0494465,0.0922317,-0.00427265,0.0604361,-0.321616,17.9995,
10.0894,78.2099,9.766,80.9455,2.75465,-0.0101159,0.0527607,0.0906205,-0.00310265,0.0665561,-0.321416,17.9995,
10.014,78.4499,9.766,80.9455,2.50791,-0.00489029,0.0423223,0.0886164,-0.00166265,0.0610164,-0.320376,17.9995,
9.98464,78.5888,9.80306,81.5359,2.95266,-0.0107073,0.0237921,0.0881723,0.00468265,0.0504519,-0.320536,18.0995,
9.84633,79.004,9.87719,82.1263,3.12249,0.00801261,0.0286645,0.0856393,0.0101827,0.0432055,-0.322036,18.0995,
9.66609,79.4549,9.87719,82.1263,2.6797,0.014158,0.0310838,0.0856108,0.0185827,0.0416239,-0.320936,18.0995,
9.50769,79.8126,9.95132,82.7418,2.96258,0.018757,0.0242588,0.0871197,0.0263927,0.0420119,-0.321626,18.0995,
9.45013,80.1402,9.95132,82.7418,2.64945,0.0124536,0.0223967,0.0865289,0.0281927,0.0383378,-0.322416,18.0995,
9.47891,80.5186,10.044,83.3699,2.90679,0.00974948,0.0234364,0.0871738,0.0254127,0.0368783,-0.322946,18.0994,
9.59208,80.8265,10.044,83.3699,2.58328,0.0028311,0.0146268,0.0871025,0.0186927,0.0335913,-0.323736,18.0994,
9.81469,81.235,10.044,83.3699,2.14715,-0.00974972,0.0194356,0.0875129,0.0105127,0.0278407,-0.324276,18.0994,
10.1169,81.6186,10.1366,84.0105,2.39201,-0.0185335,0.0201977,0.0878603,-0.00231265,0.0274271,-0.325676,18.0994,
10.419,82.087,10.2664,84.6637,2.58121,-0.0282401,0.0312067,0.0863769,-0.0133727,0.0324869,-0.325986,18.0994,
10.7175,82.442,10.2664,84.6637,2.26703,-0.0350943,0.032634,0.0873317,-0.0208327,0.0394176,-0.326816,18.0994,
10.854,82.7459,10.2664,84.6637,2.0058,-0.0290649,0.0292206,0.0868547,-0.0203827,0.0381175,-0.329416,18.0994,
10.8825,82.8864,10.3961,85.3294,2.49099,-0.0286261,0.00842253,0.0880739,-0.0129427,0.0319552,-0.332176,18.0994,
10.8852,83.1498,10.3961,85.3294,2.23378,-0.0312758,0.00366177,0.0884397,-0.00927265,0.0272808,-0.333656,18.0994,
10.8868,83.4223,10.5258,85.9952,2.59806,-0.0272766,-0.00502176,0.0878284,-0.0110727,0.0218575,-0.334896,18.0994,
11.0231,83.726,10.6741,86.6861,2.98056,-0.0434996,-0.0144142,0.0869567,-0.0117327,0.0125875,-0.335186,18.0994,
11.1032,83.8598,10.6741,86.6861,2.8587,-0.0376988,-0.0353745,0.0875233,-0.0159127,0.0111072,-0.337276,18.0994,
11.175,84.1638,10.6741,86.6861,2.57151,-0.043807,-0.0348745,0.0870775,-0.0125027,0.00477557,-0.337086,18.0994,
11.2135,84.4244,10.8223,87.3769,2.97825,-0.0425277,-0.0485835,0.0881167,-0.00676265,-0.00257477,-0.338146,17.9994,
11.2332,84.6531,10.9891,88.0678,3.42338,-0.0465875,-0.0566615,0.0842934,-0.00778265,0.000701687,-0.338216,17.9994,
11.2674,84.8428,10.9891,88.0678,3.23699,-0.0502006,-0.0669893,0.0847461,-0.00219265,-0.00168575,-0.336606,17.9994,
11.4103,85.1289,10.9891,88.0678,2.96888,-0.0555724,-0.0773983,0.0847482,-0.0162427,-0.0210643,-0.338966,17.9994,
11.5113,85.5025,11.1559,88.7587,3.27553,-0.0509825,-0.09628,0.0846669,-0.0204127,-0.0525182,-0.335256,17.9994,
11.5804,86.0087,11.1559,88.7587,2.78255,-0.0442404,-0.110373,0.0886562,-0.0247627,-0.0733215,-0.334976,17.9994,
11.6781,86.4175,11.3227,89.437,3.04031,-0.056059,-0.134092,0.0807607,-0.0274927,-0.0957733,-0.331886,17.9994,
11.6328,86.9548,11.508,90.0902,3.13784,-0.0378419,-0.137714,0.0826765,-0.0179727,-0.111252,-0.329506,17.9994,
11.6175,87.3964,11.508,90.0902,2.69599,-0.0460124,-0.151651,0.0776414,-0.0161827,-0.123209,-0.329976,17.9994,
11.6175,87.8666,11.508,90.0902,2.22632,-0.0459791,-0.157552,0.0786753,-0.0114527,-0.135006,-0.329586,17.9994,
11.6948,88.4429,11.6748,90.7182,2.27538,-0.0494585,-0.152561,0.0772892,-0.0169127,-0.145784,-0.331656,17.9993,
11.8635,88.9894,11.6748,90.7182,1.73909,-0.0549458,-0.144418,0.0766859,-0.0257527,-0.143399,-0.331886,17.9993,
12.064,89.5298,11.8415,91.2835,1.76775,-0.0592856,-0.132318,0.0762594,-0.0312427,-0.13886,-0.331186,17.9993,
12.2027,90.036,11.8415,91.2835,1.29879,-0.0581543,-0.116912,0.074585,-0.0334627,-0.132541,-0.331246,17.9993,
12.3648,90.4254,12.0083,91.8111,1.43079,-0.0658916,-0.107134,0.0767836,-0.0334427,-0.118533,-0.331036,17.9993,
12.4414,90.769,12.0083,91.8111,1.12853,-0.0666146,-0.0861384,0.0762084,-0.0307427,-0.100163,-0.331296,17.9993,
12.5633,90.9727,12.1751,92.2884,1.37182,-0.0748902,-0.069602,0.0735098,-0.0330227,-0.0753156,-0.334366,17.9993,
12.6373,91.2082,12.1751,92.2884,1.1749,-0.071347,-0.0449852,0.0736319,-0.0365427,-0.0539277,-0.333956,17.9993,
12.7268,91.2814,12.3419,92.728,1.49687,-0.0728319,-0.043581,0.0748341,-0.0387227,-0.0457715,-0.335736,17.9993,
12.8293,91.3149,12.5087,93.13,1.84325,-0.0806487,-0.0527195,0.0717833,-0.0374227,-0.0479409,-0.335446,17.9993,
12.9357,91.3277,12.5087,93.13,1.85222,-0.082014,-0.0674811,0.0691029,-0.0420827,-0.053933,-0.335826,17.9993,
12.9781,91.4134,12.5087,93.13,1.77968,-0.0780037,-0.0774244,0.0679351,-0.0418427,-0.0646407,-0.335576,17.9993,
13.0657,91.455,12.6569,93.5194,2.10445,-0.0859435,-0.102093,0.0694107,-0.0385127,-0.0813712,-0.337366,17.9993,
13.1282,91.5621,12.8051,93.8711,2.33148,-0.0853832,-0.119681,0.0638319,-0.0430327,-0.0997354,-0.338256,17.9993,
13.2313,91.6443,12.8051,93.8711,2.26725,-0.0879707,-0.144716,0.0607759,-0.0432827,-0.120971,-0.338056,17.9993,
13.2172,91.8689,12.8051,93.8711,2.0442,-0.0799899,-0.161759,0.0578764,-0.0375727,-0.143364,-0.340356,17.9993,
13.2515,91.8547,12.9534,94.2103,2.37442,-0.0906755,-0.211943,0.0562145,-0.0316827,-0.185227,-0.341376,17.9993,
13.3096,92.0371,13.0831,94.4866,2.45997,-0.0916941,-0.236423,0.05187,-0.0293927,-0.210966,-0.341926,17.9993,
13.3708,92.3896,13.0831,94.4866,2.11669,-0.0934602,-0.235821,0.0487852,-0.0319427,-0.222727,-0.341906,17.9993,
13.6049,92.5929,13.0831,94.4866,1.96423,-0.109927,-0.247996,0.0473691,-0.0406727,-0.233274,-0.342146,17.9993,
13.8432,92.8035,13.1943,94.7127,2.0165,-0.11545,-0.246245,0.0461164,-0.0472427,-0.232813,-0.344116,18.0993,
14.0392,93.1814,13.1943,94.7127,1.74892,-0.11494,-0.22506,0.0436473,-0.0546927,-0.228081,-0.346386,18.0993,
14.1075,93.5749,13.324,94.8509,1.49732,-0.105018,-0.201024,0.0411273,-0.0543227,-0.211433,-0.348856,18.1993,
14.1363,93.9681,13.324,94.8509,1.19964,-0.103444,-0.167873,0.037686,-0.0541227,-0.18847,-0.350876,18.1993,
14.3304,94.1101,13.4167,94.9263,1.22519,-0.121886,-0.152363,0.0374917,-0.0626627,-0.168565,-0.352386,18.2993,
14.5912,94.1215,13.4167,94.9263,1.42379,-0.125974,-0.142122,0.0367236,-0.0757827,-0.152887,-0.356296,18.2993,
14.7382,94.1304,13.5093,94.9388,1.47098,-0.122458,-0.13024,0.0352057,-0.0752727,-0.141785,-0.360036,18.3993,
14.821,94.1914,13.5834,94.8886,1.42045,-0.120777,-0.113589,0.0337602,-0.0787527,-0.132338,-0.361246,18.4993,
14.8454,94.2896,13.5834,94.8886,1.39693,-0.118168,-0.0968884,0.0331444,-0.0745227,-0.119217,-0.365006,18.4993,
14.8001,94.3537,13.639,94.8007,1.24417,-0.111815,-0.0780824,0.0332999,-0.0730427,-0.10467,-0.368956,18.5993,
14.6468,94.3316,13.639,94.8007,1.11166,-0.101716,-0.0660372,0.0344376,-0.0604627,-0.0906686,-0.372096,18.5993,
14.494,94.3205,13.639,94.8007,0.980614,-0.098514,-0.0510067,0.0345298,-0.0555727,-0.0736716,-0.376216,18.5993,
14.3316,94.1412,13.6946,94.6876,0.839253,-0.0941418,-0.0460024,0.0355572,-0.0486427,-0.0638194,-0.379076,18.6993,
14.195,93.9792,13.6946,94.6876,0.867281,-0.0882304,-0.04395,0.0369683,-0.0455527,-0.0584096,-0.382256,18.6993,
14.0721,93.851,13.7317,94.562,0.788305,-0.0827911,-0.0447446,0.0379393,-0.0416527,-0.0586288,-0.385346,18.7993,
14.0496,93.6893,13.7502,94.4113,0.781608,-0.0905936,-0.0453069,0.0408284,-0.0448327,-0.0563895,-0.388396,18.8993,
14.1347,93.5373,13.7502,94.4113,0.954817,-0.0933089,-0.0459279,0.0419897,-0.0484527,-0.0529905,-0.389766,18.8993,
14.2726,93.2089,13.7687,94.2605,1.16611,-0.103035,-0.0629802,0.0413981,-0.0530427,-0.0547659,-0.392866,18.9993,
14.4081,93.0742,13.7687,94.2605,1.34766,-0.105277,-0.0547149,0.0414576,-0.0614927,-0.0531581,-0.393626,18.9993,
14.5638,93.0306,13.7687,94.2605,1.46454,-0.108134,-0.0480154,0.0431906,-0.0695127,-0.0527573,-0.395086,18.9993,
14.7722,92.9122,13.7873,94.0972,1.54086,-0.114537,-0.0502514,0.0442707,-0.0799227,-0.0527318,-0.397436,19.0993,
15.0027,92.7765,13.7873,94.0972,1.79483,-0.123474,-0.0519145,0.0439066,-0.0856127,-0.0496759,-0.397256,19.0993,
15.0507,92.7095,13.7873,93.9465,1.76813,-0.112846,-0.0423338,0.043908,-0.0863827,-0.0426692,-0.399246,19.1993,
14.8788,92.6495,13.7873,93.9465,1.69516,-0.097784,-0.035565,0.0446379,-0.0729427,-0.0375835,-0.400466,19.1993,
14.5383,92.2922,13.7687,93.7832,1.67792,-0.0792989,-0.053596,0.0491838,-0.0592727,-0.0320464,-0.405036,19.3993,
14.2699,92.1698,13.7687,93.7832,1.68946,-0.085514,-0.0524803,0.0500649,-0.0452827,-0.0425223,-0.405066,19.3993,
14.2112,92.0967,13.7502,93.6325,1.60353,-0.0923552,-0.0499,0.050353,-0.0506427,-0.0406902,-0.406516,19.4993,
14.3353,92.2335,13.7131,93.4817,1.39466,-0.0999651,-0.0242461,0.0438683,-0.0630227,-0.022409,-0.406676,19.5993,
14.4212,91.9122,13.7131,93.4817,1.72185,-0.0977715,-0.0303848,0.0459834,-0.0640127,-0.00531719,-0.405996,19.5993,
14.3339,91.1858,13.7131,93.4817,2.3783,-0.0890717,-0.0885897,0.0508886,-0.0591127,-0.0440195,-0.404426,19.5993,
14.2469,90.8226,13.6761,93.3687,2.60928,-0.0895298,-0.12462,0.0361213,-0.0584027,-0.0713246,-0.386446,19.6993,
14.1649,90.8968,13.639,93.2179,2.37989,-0.0799909,-0.127249,0.0247794,-0.0617527,-0.0987296,-0.368166,19.7993,
14.0678,90.9801,13.639,93.2179,2.27855,-0.0762317,-0.134972,0.00804929,-0.0542427,-0.105999,-0.356316,19.7993,
13.864,91.2241,13.5649,93.0798,1.87965,-0.0628534,-0.120841,-0.00838037,-0.0496627,-0.108016,-0.338336,19.7993,
13.73,91.4162,13.5649,93.0798,1.6718,-0.0639715,-0.111101,-0.0239731,-0.0449327,-0.101603,-0.322616,19.7993,
13.6894,91.5274,13.5649,93.0798,1.55743,-0.0629568,-0.0941483,-0.0429906,-0.0517427,-0.0801947,-0.309046,19.7993,
13.6204,91.3667,13.5093,92.929,1.56628,-0.0528775,-0.096195,-0.0573056,-0.0512227,-0.0743566,-0.287346,19.8993,
13.4603,91.1267,13.5093,92.929,1.80292,-0.0410022,-0.104572,-0.0732979,-0.0489527,-0.0761367,-0.269316,19.8993,
13.351,90.9544,13.4537,92.7657,1.81421,-0.03527,-0.106852,-0.0978965,-0.0482227,-0.0763491,-0.246796,19.9993,
12.9407,90.9478,13.4537,92.7657,1.8889,-0.00262982,-0.0924468,-0.119597,-0.0368327,-0.0778382,-0.222936,19.9993,
12.7508,90.7756,13.3981,92.5899,1.92629,-0.0180505,-0.10296,-0.141148,-0.0278227,-0.0771609,-0.199016,19.9993,
12.8141,90.7361,13.3981,92.5899,1.94366,-0.0316424,-0.09736,-0.167563,-0.0384927,-0.0720036,-0.178646,19.9993,
12.9322,90.3662,13.324,92.3889,2.06027,-0.0290245,-0.114612,-0.188061,-0.0381827,-0.0659274,-0.151986,20.0993,
13.008,90.4637,13.324,92.3889,1.95092,-0.036847,-0.0886472,-0.211662,-0.0482727,-0.0633117,-0.134586,20.0993,
12.9935,90.5095,13.2684,92.1879,1.70075,-0.0250972,-0.0690741,-0.230313,-0.0455127,-0.045751,-0.115656,20.1993,
12.9021,90.4078,13.2684,92.1879,1.81742,-0.0126911,-0.0594804,-0.248775,-0.0473027,-0.0318852,-0.0967763,20.1993,
12.8295,90.2466,13.2128,91.9744,1.76979,-0.0116737,-0.0528778,-0.269693,-0.0432127,-0.0238693,-0.0769763,20.2993,
12.8389,90.1169,13.2128,91.9744,1.89476,-0.0147539,-0.0443147,-0.285811,-0.0452027,-0.014572,-0.0645163,20.2993,
12.9129,90.0269,13.1572,91.7608,1.75106,-0.0200624,-0.0338378,-0.302199,-0.0537227,-0.00317699,-0.0507563,20.3993,
12.8531,89.5872,13.1572,91.7608,2.19481,0.00326784,-0.0444849,-0.310641,-0.0431727,0.00635758,-0.0381863,20.3993,
12.5979,89.3103,13.0831,91.5473,2.289,0.00802577,-0.0403192,-0.322974,-0.0258227,-0.000120211,-0.0251063,20.3993,
12.4463,89.0684,13.0275,91.3338,2.33873,0.000977027,-0.0384526,-0.334578,-0.0212727,0.00320293,-0.0152763,20.4993,
12.4521,88.9159,13.0275,91.3338,2.48544,-0.00227419,-0.0395692,-0.348224,-0.0324127,0.00227403,-0.000616327,20.4993,
12.5839,88.708,12.9534,91.1453,2.46515,-0.0142285,-0.0516781,-0.36696,-0.0279627,0.000164543,0.0203537,20.5993,
12.4916,88.6428,12.9534,91.1453,2.5447,0.00357911,-0.0385622,-0.384223,-0.0299627,0.00626128,0.0381737,20.5993,
12.3621,88.483,12.9534,91.1453,2.72718,0.008286,-0.0331366,-0.41032,-0.0269327,0.00932194,0.0718037,20.5993,
12.3486,88.3362,12.8978,90.9569,2.6776,0.000935888,-0.0394184,-0.444367,-0.0194327,-0.00107488,0.112244,20.5993,
12.4085,88.2973,12.8422,90.7685,2.50893,-0.00500391,-0.0477049,-0.486598,-0.0327027,-0.00435005,0.153254,20.5993,
12.5468,88.329,12.8422,90.7685,2.45737,-0.0121679,-0.0493479,-0.528415,-0.0370727,-0.011916,0.200084,20.5993,
12.5343,88.3965,12.8422,90.7685,2.39191,-0.000483799,-0.041699,-0.568449,-0.0397827,0.0068587,0.237044,20.5993,
12.5637,88.2991,12.7495,90.6052,2.31353,-0.00317626,-0.0315447,-0.612413,-0.0349527,0.015746,0.277324,20.5993,
12.5071,87.8878,12.7495,90.6052,2.72822,0.0194416,-0.0376174,-0.656553,-0.0297527,0.0253544,0.318584,20.5993,
12.3107,87.7387,12.6754,90.4419,2.72771,0.0158359,-0.0171795,-0.698215,-0.0179127,0.0405447,0.360664,20.5993,
12.337,87.345,12.6754,90.4419,3.11536,0.0156811,-0.0217485,-0.723357,-0.0142627,0.0414702,0.374834,20.5993,
12.413,87.0934,12.6013,90.3037,3.21581,0.00794502,-0.0325085,-0.74199,-0.0110627,0.0429352,0.390054,20.5993,
12.3176,86.7699,12.6013,90.3037,3.5452,0.0215158,-0.0310219,-0.756235,-0.00621265,0.0359515,0.403694,20.5993,
12.1599,86.6181,12.5086,90.1656,3.56464,0.0179184,-0.0290079,-0.772565,-0.00170265,0.0262723,0.422474,20.5994,
12.0788,86.7008,12.5086,90.1656,3.49137,0.0134216,-0.012467,-0.792976,-0.00928265,0.0426627,0.440864,20.5994,
12.1816,86.867,12.416,90.0651,3.20667,0.00509992,-0.00281877,-0.813142,-0.0272727,0.0560982,0.464064,20.5994,
12.3976,86.9907,12.416,90.0651,3.07449,0.00286773,-0.00697457,-0.830707,-0.0324627,0.0506386,0.476664,20.5994,
12.6258,86.9621,12.3048,89.9771,3.03201,0.00349461,-0.035998,-0.848868,-0.0374827,0.0392208,0.491904,20.6994,
12.4852,86.8595,12.3048,89.9771,3.12279,0.0215569,-0.037184,-0.862867,-0.0266927,0.0288272,0.508394,20.6994,
12.3671,86.8154,12.1936,89.9018,3.09132,0.0125559,-0.0338671,-0.87739,-0.0228127,0.028,0.519604,20.6994,
12.2818,86.9201,12.1936,89.9018,2.98298,0.00724919,-0.0173269,-0.889629,-0.0265227,0.0411083,0.526334,20.6994,
12.5439,87.1035,12.0639,89.8515,2.78965,-0.0178969,-0.0222723,-0.89626,-0.0380627,0.048615,0.535564,20.6994,
12.5332,87.3775,12.0639,89.8515,2.51815,-0.0132639,-0.00129005,-0.901194,-0.0322627,0.0597508,0.535284,20.6994,
12.6916,87.5777,11.9156,89.8013,2.35514,-0.0351082,0.00157974,-0.907371,-0.0415427,0.0707843,0.538364,20.7994,
